From Class,To Class,References,From Entities,To Entities
smpl.ordering.AppInsightsFilter,smpl.ordering.Utility,4,1,2
smpl.ordering.ConflictingRequestException,smpl.ordering.BadRequestException,2,2,2
smpl.ordering.controllers.CatalogController,smpl.ordering.models.CatalogItem,14,9,3
smpl.ordering.controllers.CatalogController,smpl.ordering.OrderingInitializer,1,1,1
smpl.ordering.controllers.CatalogController,smpl.ordering.repositories.CatalogItemsRepository,8,6,5
smpl.ordering.controllers.CatalogController,smpl.ordering.repositories.RepositoryFactory,1,1,1
smpl.ordering.controllers.CatalogController,smpl.ordering.Utility,5,5,1
smpl.ordering.controllers.DealerController,smpl.ordering.models.DealerInfo,15,11,3
smpl.ordering.controllers.DealerController,smpl.ordering.OrderingInitializer,1,1,1
smpl.ordering.controllers.DealerController,smpl.ordering.repositories.DealersRepository,9,6,5
smpl.ordering.controllers.DealerController,smpl.ordering.repositories.RepositoryFactory,1,1,1
smpl.ordering.controllers.DealerController,smpl.ordering.Utility,5,5,1
smpl.ordering.controllers.OrderController,smpl.ordering.BadRequestException,2,2,1
smpl.ordering.controllers.OrderController,smpl.ordering.ConflictingRequestException,1,1,1
smpl.ordering.controllers.OrderController,smpl.ordering.models.Order,9,8,4
smpl.ordering.controllers.OrderController,smpl.ordering.models.OrderEventInfo,3,3,2
smpl.ordering.controllers.OrderController,smpl.ordering.models.OrderStatus,1,1,1
smpl.ordering.controllers.OrderController,smpl.ordering.models.OrderUpdateInfo,2,2,2
smpl.ordering.controllers.OrderController,smpl.ordering.models.Quote,1,1,1
smpl.ordering.controllers.OrderController,smpl.ordering.OrderingInitializer,1,1,1
smpl.ordering.controllers.OrderController,smpl.ordering.repositories.OrderRepository,11,8,9
smpl.ordering.controllers.OrderController,smpl.ordering.repositories.QuoteRepository,2,2,2
smpl.ordering.controllers.OrderController,smpl.ordering.repositories.RepositoryFactory,2,2,2
smpl.ordering.controllers.OrderController,smpl.ordering.Utility,7,7,1
smpl.ordering.controllers.PingController,smpl.ordering.OrderingServiceProperties,3,2,3
smpl.ordering.controllers.PingController,smpl.ordering.PropertyHelper,1,1,1
smpl.ordering.controllers.PingController,smpl.ordering.Utility,1,1,1
smpl.ordering.controllers.QuoteController,smpl.ordering.BadRequestException,1,1,1
smpl.ordering.controllers.QuoteController,smpl.ordering.models.Quote,8,7,3
smpl.ordering.controllers.QuoteController,smpl.ordering.OrderingInitializer,1,1,1
smpl.ordering.controllers.QuoteController,smpl.ordering.repositories.QuoteRepository,6,6,6
smpl.ordering.controllers.QuoteController,smpl.ordering.repositories.RepositoryFactory,1,1,1
smpl.ordering.controllers.QuoteController,smpl.ordering.Utility,5,5,1
smpl.ordering.controllers.ShipmentController,smpl.ordering.BadRequestException,1,1,1
smpl.ordering.controllers.ShipmentController,smpl.ordering.models.Delivery,8,3,4
smpl.ordering.controllers.ShipmentController,smpl.ordering.models.Order,2,2,2
smpl.ordering.controllers.ShipmentController,smpl.ordering.models.OrderStatus,2,2,2
smpl.ordering.controllers.ShipmentController,smpl.ordering.models.Quote,1,1,1
smpl.ordering.controllers.ShipmentController,smpl.ordering.models.ShipmentEventInfo,3,2,3
smpl.ordering.controllers.ShipmentController,smpl.ordering.models.ShipmentRecord,18,15,3
smpl.ordering.controllers.ShipmentController,smpl.ordering.OrderingInitializer,1,1,1
smpl.ordering.controllers.ShipmentController,smpl.ordering.repositories.OrderRepository,3,3,2
smpl.ordering.controllers.ShipmentController,smpl.ordering.repositories.QuoteRepository,3,3,2
smpl.ordering.controllers.ShipmentController,smpl.ordering.repositories.RepositoryFactory,3,3,3
smpl.ordering.controllers.ShipmentController,smpl.ordering.repositories.ShipmentRepository,11,8,7
smpl.ordering.controllers.ShipmentController,smpl.ordering.Utility,6,6,1
smpl.ordering.models.CatalogItem,smpl.ordering.Utility,2,1,1
smpl.ordering.models.DealerInfo,smpl.ordering.Utility,1,1,1
smpl.ordering.models.Delivery,smpl.ordering.models.Order,3,3,1
smpl.ordering.models.Delivery,smpl.ordering.models.Quote,3,3,1
smpl.ordering.models.Delivery,smpl.ordering.models.ShipmentRecord,3,3,1
smpl.ordering.models.Order,smpl.ordering.models.OrderEventInfo,4,4,1
smpl.ordering.models.Order,smpl.ordering.models.OrderStatus,4,4,2
smpl.ordering.models.Order,smpl.ordering.Utility,2,1,1
smpl.ordering.models.OrderUpdateInfo,smpl.ordering.models.OrderEventInfo,5,4,2
smpl.ordering.models.OrderUpdateInfo,smpl.ordering.models.OrderStatus,4,4,1
smpl.ordering.models.Quote,smpl.ordering.models.QuoteItemInfo,10,7,2
smpl.ordering.models.Quote,smpl.ordering.Utility,2,1,1
smpl.ordering.models.ShipmentRecord,smpl.ordering.models.DeliveryAddress,4,4,2
smpl.ordering.models.ShipmentRecord,smpl.ordering.models.PhoneInfo,6,6,1
smpl.ordering.models.ShipmentRecord,smpl.ordering.models.ShipmentEventInfo,10,6,4
smpl.ordering.OrderingConfiguration,smpl.ordering.MongoDBProperties,3,2,3
smpl.ordering.OrderingConfiguration,smpl.ordering.OrderingServiceProperties,4,4,3
smpl.ordering.OrderingConfiguration,smpl.ordering.repositories.RepositoryFactory,3,1,3
smpl.ordering.OrderingConfiguration,smpl.ordering.Utility,2,2,1
smpl.ordering.repositories.CatalogItemsRepository,smpl.ordering.models.CatalogItem,3,3,1
smpl.ordering.repositories.DealersRepository,smpl.ordering.models.DealerInfo,3,3,1
smpl.ordering.repositories.mock.MockCatalogItemsRepository,smpl.ordering.models.CatalogItem,21,12,4
smpl.ordering.repositories.mock.MockCatalogItemsRepository,smpl.ordering.repositories.CatalogItemsRepository,1,1,1
smpl.ordering.repositories.mock.MockCatalogItemsRepository,smpl.ordering.TestPath,1,1,1
smpl.ordering.repositories.mock.MockDealersRepository,smpl.ordering.models.DealerInfo,16,12,3
smpl.ordering.repositories.mock.MockDealersRepository,smpl.ordering.repositories.DealersRepository,1,1,1
smpl.ordering.repositories.mock.MockDealersRepository,smpl.ordering.TestPath,1,1,1
smpl.ordering.repositories.mock.MockOrderRepository,smpl.ordering.BadRequestException,6,2,2
smpl.ordering.repositories.mock.MockOrderRepository,smpl.ordering.ConflictingRequestException,2,1,2
smpl.ordering.repositories.mock.MockOrderRepository,smpl.ordering.models.Order,33,20,10
smpl.ordering.repositories.mock.MockOrderRepository,smpl.ordering.models.OrderStatus,5,5,3
smpl.ordering.repositories.mock.MockOrderRepository,smpl.ordering.models.OrderUpdateInfo,3,2,3
smpl.ordering.repositories.mock.MockOrderRepository,smpl.ordering.models.Quote,3,3,2
smpl.ordering.repositories.mock.MockOrderRepository,smpl.ordering.repositories.OrderRepository,1,1,1
smpl.ordering.repositories.mock.MockOrderRepository,smpl.ordering.repositories.QuoteRepository,4,4,2
smpl.ordering.repositories.mock.MockOrderRepository,smpl.ordering.TestPath,1,1,1
smpl.ordering.repositories.mock.MockQuoteRepository,smpl.ordering.BadRequestException,3,1,2
smpl.ordering.repositories.mock.MockQuoteRepository,smpl.ordering.models.DealerInfo,6,4,2
smpl.ordering.repositories.mock.MockQuoteRepository,smpl.ordering.models.Quote,23,14,5
smpl.ordering.repositories.mock.MockQuoteRepository,smpl.ordering.repositories.CatalogItemsRepository,1,1,1
smpl.ordering.repositories.mock.MockQuoteRepository,smpl.ordering.repositories.DealersRepository,6,4,3
smpl.ordering.repositories.mock.MockQuoteRepository,smpl.ordering.repositories.QuoteRepository,1,1,1
smpl.ordering.repositories.mock.MockQuoteRepository,smpl.ordering.TestPath,1,1,1
smpl.ordering.repositories.mock.MockShipmentRepository,smpl.ordering.BadRequestException,5,1,2
smpl.ordering.repositories.mock.MockShipmentRepository,smpl.ordering.models.Order,3,3,2
smpl.ordering.repositories.mock.MockShipmentRepository,smpl.ordering.models.OrderStatus,2,2,2
smpl.ordering.repositories.mock.MockShipmentRepository,smpl.ordering.models.ShipmentEventInfo,5,2,4
smpl.ordering.repositories.mock.MockShipmentRepository,smpl.ordering.models.ShipmentRecord,34,16,4
smpl.ordering.repositories.mock.MockShipmentRepository,smpl.ordering.repositories.OrderRepository,4,4,2
smpl.ordering.repositories.mock.MockShipmentRepository,smpl.ordering.repositories.ShipmentRepository,1,1,1
smpl.ordering.repositories.mock.MockShipmentRepository,smpl.ordering.TestPath,1,1,1
smpl.ordering.repositories.mongodb.models.CatalogItem,smpl.ordering.models.CatalogItem,14,4,11
smpl.ordering.repositories.mongodb.models.Dealer,smpl.ordering.models.DealerInfo,15,4,12
smpl.ordering.repositories.mongodb.models.OrderDetails,smpl.ordering.models.Order,15,4,12
smpl.ordering.repositories.mongodb.models.OrderDetails,smpl.ordering.models.OrderEventInfo,5,4,1
smpl.ordering.repositories.mongodb.models.OrderDetails,smpl.ordering.models.OrderStatus,1,1,1
smpl.ordering.repositories.mongodb.models.QuoteDetails,smpl.ordering.models.Quote,25,4,22
smpl.ordering.repositories.mongodb.models.QuoteDetails,smpl.ordering.models.QuoteItemInfo,7,5,3
smpl.ordering.repositories.mongodb.models.ShipmentDetails,smpl.ordering.models.DeliveryAddress,1,1,1
smpl.ordering.repositories.mongodb.models.ShipmentDetails,smpl.ordering.models.PhoneInfo,2,2,1
smpl.ordering.repositories.mongodb.models.ShipmentDetails,smpl.ordering.models.ShipmentEventInfo,4,3,1
smpl.ordering.repositories.mongodb.models.ShipmentDetails,smpl.ordering.models.ShipmentRecord,19,4,14
smpl.ordering.repositories.mongodb.MongoCatalogItemsRepository,smpl.ordering.models.CatalogItem,4,4,1
smpl.ordering.repositories.mongodb.MongoCatalogItemsRepository,smpl.ordering.repositories.CatalogItemsRepository,1,1,1
smpl.ordering.repositories.mongodb.MongoCatalogItemsRepository,smpl.ordering.repositories.mongodb.models.CatalogItem,12,10,4
smpl.ordering.repositories.mongodb.MongoCatalogItemsRepository,smpl.ordering.repositories.mongodb.MongoOperationsWithRetry,2,1,2
smpl.ordering.repositories.mongodb.MongoCatalogItemsRepository,smpl.ordering.TestPath,1,1,1
smpl.ordering.repositories.mongodb.MongoDealersRepository,smpl.ordering.models.DealerInfo,5,5,2
smpl.ordering.repositories.mongodb.MongoDealersRepository,smpl.ordering.repositories.DealersRepository,1,1,1
smpl.ordering.repositories.mongodb.MongoDealersRepository,smpl.ordering.repositories.mongodb.models.Dealer,12,9,5
smpl.ordering.repositories.mongodb.MongoDealersRepository,smpl.ordering.repositories.mongodb.MongoOperationsWithRetry,2,1,2
smpl.ordering.repositories.mongodb.MongoDealersRepository,smpl.ordering.TestPath,1,1,1
smpl.ordering.repositories.mongodb.MongoOperationsWithRetry,smpl.ordering.repositories.mongodb.MongoOperationsWithRetry.aggregate.O,2,2,1
smpl.ordering.repositories.mongodb.MongoOperationsWithRetry,smpl.ordering.repositories.mongodb.MongoOperationsWithRetry.aggregate.O,2,2,1
smpl.ordering.repositories.mongodb.MongoOperationsWithRetry,smpl.ordering.repositories.mongodb.MongoOperationsWithRetry.aggregate.O,2,2,1
smpl.ordering.repositories.mongodb.MongoOperationsWithRetry,smpl.ordering.repositories.mongodb.MongoOperationsWithRetry.aggregate.O,2,2,1
smpl.ordering.repositories.mongodb.MongoOperationsWithRetry,smpl.ordering.repositories.mongodb.MongoOperationsWithRetry.collectionExists.T,1,1,1
smpl.ordering.repositories.mongodb.MongoOperationsWithRetry,smpl.ordering.repositories.mongodb.MongoOperationsWithRetry.createCollection.T,1,1,1
smpl.ordering.repositories.mongodb.MongoOperationsWithRetry,smpl.ordering.repositories.mongodb.MongoOperationsWithRetry.createCollection.T,1,1,1
smpl.ordering.repositories.mongodb.MongoOperationsWithRetry,smpl.ordering.repositories.mongodb.MongoOperationsWithRetry.dropCollection.T,1,1,1
smpl.ordering.repositories.mongodb.MongoOperationsWithRetry,smpl.ordering.repositories.mongodb.MongoOperationsWithRetry.execute.T,2,2,1
smpl.ordering.repositories.mongodb.MongoOperationsWithRetry,smpl.ordering.repositories.mongodb.MongoOperationsWithRetry.execute.T,2,2,1
smpl.ordering.repositories.mongodb.MongoOperationsWithRetry,smpl.ordering.repositories.mongodb.MongoOperationsWithRetry.execute.T,2,2,1
smpl.ordering.repositories.mongodb.MongoOperationsWithRetry,smpl.ordering.repositories.mongodb.MongoOperationsWithRetry.executeInSession.T,2,2,1
smpl.ordering.repositories.mongodb.MongoOperationsWithRetry,smpl.ordering.repositories.mongodb.MongoOperationsWithRetry.find.T,3,3,1
smpl.ordering.repositories.mongodb.MongoOperationsWithRetry,smpl.ordering.repositories.mongodb.MongoOperationsWithRetry.find.T,2,2,1
smpl.ordering.repositories.mongodb.MongoOperationsWithRetry,smpl.ordering.repositories.mongodb.MongoOperationsWithRetry.findAll.T,3,3,1
smpl.ordering.repositories.mongodb.MongoOperationsWithRetry,smpl.ordering.repositories.mongodb.MongoOperationsWithRetry.findAll.T,2,2,1
smpl.ordering.repositories.mongodb.MongoOperationsWithRetry,smpl.ordering.repositories.mongodb.MongoOperationsWithRetry.findAllAndRemove.T,2,2,1
smpl.ordering.repositories.mongodb.MongoOperationsWithRetry,smpl.ordering.repositories.mongodb.MongoOperationsWithRetry.findAllAndRemove.T,2,2,1
smpl.ordering.repositories.mongodb.MongoOperationsWithRetry,smpl.ordering.repositories.mongodb.MongoOperationsWithRetry.findAllAndRemove.T,1,1,1
smpl.ordering.repositories.mongodb.MongoOperationsWithRetry,smpl.ordering.repositories.mongodb.MongoOperationsWithRetry.findAndModify.T,2,2,1
smpl.ordering.repositories.mongodb.MongoOperationsWithRetry,smpl.ordering.repositories.mongodb.MongoOperationsWithRetry.findAndModify.T,2,2,1
smpl.ordering.repositories.mongodb.MongoOperationsWithRetry,smpl.ordering.repositories.mongodb.MongoOperationsWithRetry.findAndModify.T,2,2,1
smpl.ordering.repositories.mongodb.MongoOperationsWithRetry,smpl.ordering.repositories.mongodb.MongoOperationsWithRetry.findAndModify.T,2,2,1
smpl.ordering.repositories.mongodb.MongoOperationsWithRetry,smpl.ordering.repositories.mongodb.MongoOperationsWithRetry.findAndRemove.T,2,2,1
smpl.ordering.repositories.mongodb.MongoOperationsWithRetry,smpl.ordering.repositories.mongodb.MongoOperationsWithRetry.findAndRemove.T,3,3,1
smpl.ordering.repositories.mongodb.MongoOperationsWithRetry,smpl.ordering.repositories.mongodb.MongoOperationsWithRetry.findById.T,2,2,1
smpl.ordering.repositories.mongodb.MongoOperationsWithRetry,smpl.ordering.repositories.mongodb.MongoOperationsWithRetry.findById.T,2,2,1
smpl.ordering.repositories.mongodb.MongoOperationsWithRetry,smpl.ordering.repositories.mongodb.MongoOperationsWithRetry.findOne.T,2,2,1
smpl.ordering.repositories.mongodb.MongoOperationsWithRetry,smpl.ordering.repositories.mongodb.MongoOperationsWithRetry.findOne.T,3,3,1
smpl.ordering.repositories.mongodb.MongoOperationsWithRetry,smpl.ordering.repositories.mongodb.MongoOperationsWithRetry.geoNear.T,2,2,1
smpl.ordering.repositories.mongodb.MongoOperationsWithRetry,smpl.ordering.repositories.mongodb.MongoOperationsWithRetry.geoNear.T,2,2,1
smpl.ordering.repositories.mongodb.MongoOperationsWithRetry,smpl.ordering.repositories.mongodb.MongoOperationsWithRetry.group.T,2,2,1
smpl.ordering.repositories.mongodb.MongoOperationsWithRetry,smpl.ordering.repositories.mongodb.MongoOperationsWithRetry.group.T,2,2,1
smpl.ordering.repositories.mongodb.MongoOperationsWithRetry,smpl.ordering.repositories.mongodb.MongoOperationsWithRetry.mapReduce.T,2,2,1
smpl.ordering.repositories.mongodb.MongoOperationsWithRetry,smpl.ordering.repositories.mongodb.MongoOperationsWithRetry.mapReduce.T,2,2,1
smpl.ordering.repositories.mongodb.MongoOperationsWithRetry,smpl.ordering.repositories.mongodb.MongoOperationsWithRetry.mapReduce.T,2,2,1
smpl.ordering.repositories.mongodb.MongoOperationsWithRetry,smpl.ordering.repositories.mongodb.MongoOperationsWithRetry.mapReduce.T,2,2,1
smpl.ordering.repositories.mongodb.MongoOperationsWithRetry,smpl.ordering.Utility,1,1,1
smpl.ordering.repositories.mongodb.MongoOrderRepository,smpl.ordering.BadRequestException,4,2,2
smpl.ordering.repositories.mongodb.MongoOrderRepository,smpl.ordering.ConflictingRequestException,2,1,2
smpl.ordering.repositories.mongodb.MongoOrderRepository,smpl.ordering.models.Order,22,14,8
smpl.ordering.repositories.mongodb.MongoOrderRepository,smpl.ordering.models.OrderStatus,5,5,3
smpl.ordering.repositories.mongodb.MongoOrderRepository,smpl.ordering.models.OrderUpdateInfo,3,2,3
smpl.ordering.repositories.mongodb.MongoOrderRepository,smpl.ordering.models.Quote,1,1,1
smpl.ordering.repositories.mongodb.MongoOrderRepository,smpl.ordering.repositories.mongodb.models.OrderDetails,23,19,5
smpl.ordering.repositories.mongodb.MongoOrderRepository,smpl.ordering.repositories.mongodb.MongoOperationsWithRetry,2,1,2
smpl.ordering.repositories.mongodb.MongoOrderRepository,smpl.ordering.repositories.OrderRepository,1,1,1
smpl.ordering.repositories.mongodb.MongoOrderRepository,smpl.ordering.repositories.QuoteRepository,4,4,3
smpl.ordering.repositories.mongodb.MongoOrderRepository,smpl.ordering.TestPath,1,1,1
smpl.ordering.repositories.mongodb.MongoQuoteRepository,smpl.ordering.BadRequestException,3,1,2
smpl.ordering.repositories.mongodb.MongoQuoteRepository,smpl.ordering.models.DealerInfo,6,4,2
smpl.ordering.repositories.mongodb.MongoQuoteRepository,smpl.ordering.models.Quote,16,8,5
smpl.ordering.repositories.mongodb.MongoQuoteRepository,smpl.ordering.repositories.DealersRepository,6,4,3
smpl.ordering.repositories.mongodb.MongoQuoteRepository,smpl.ordering.repositories.mongodb.models.QuoteDetails,19,14,7
smpl.ordering.repositories.mongodb.MongoQuoteRepository,smpl.ordering.repositories.mongodb.MongoOperationsWithRetry,2,1,2
smpl.ordering.repositories.mongodb.MongoQuoteRepository,smpl.ordering.repositories.QuoteRepository,1,1,1
smpl.ordering.repositories.mongodb.MongoQuoteRepository,smpl.ordering.TestPath,1,1,1
smpl.ordering.repositories.mongodb.MongoShipmentRepository,smpl.ordering.BadRequestException,3,1,2
smpl.ordering.repositories.mongodb.MongoShipmentRepository,smpl.ordering.ConflictingRequestException,2,1,2
smpl.ordering.repositories.mongodb.MongoShipmentRepository,smpl.ordering.models.Order,4,4,2
smpl.ordering.repositories.mongodb.MongoShipmentRepository,smpl.ordering.models.OrderStatus,1,1,1
smpl.ordering.repositories.mongodb.MongoShipmentRepository,smpl.ordering.models.ShipmentEventInfo,1,1,1
smpl.ordering.repositories.mongodb.MongoShipmentRepository,smpl.ordering.models.ShipmentRecord,16,10,4
smpl.ordering.repositories.mongodb.MongoShipmentRepository,smpl.ordering.repositories.mongodb.models.ShipmentDetails,19,15,5
smpl.ordering.repositories.mongodb.MongoShipmentRepository,smpl.ordering.repositories.mongodb.MongoOperationsWithRetry,2,1,2
smpl.ordering.repositories.mongodb.MongoShipmentRepository,smpl.ordering.repositories.OrderRepository,4,4,3
smpl.ordering.repositories.mongodb.MongoShipmentRepository,smpl.ordering.repositories.ShipmentRepository,1,1,1
smpl.ordering.repositories.mongodb.MongoShipmentRepository,smpl.ordering.TestPath,1,1,1
smpl.ordering.repositories.OrderRepository,smpl.ordering.BadRequestException,2,2,1
smpl.ordering.repositories.OrderRepository,smpl.ordering.models.Order,6,6,1
smpl.ordering.repositories.OrderRepository,smpl.ordering.models.OrderStatus,2,2,1
smpl.ordering.repositories.OrderRepository,smpl.ordering.models.OrderUpdateInfo,1,1,1
smpl.ordering.repositories.QuoteRepository,smpl.ordering.BadRequestException,1,1,1
smpl.ordering.repositories.QuoteRepository,smpl.ordering.models.Quote,5,5,1
smpl.ordering.repositories.RepositoryFactory,smpl.ordering.OrderingConfiguration,1,1,1
smpl.ordering.repositories.RepositoryFactory,smpl.ordering.repositories.CatalogItemsRepository,1,1,1
smpl.ordering.repositories.RepositoryFactory,smpl.ordering.repositories.DealersRepository,1,1,1
smpl.ordering.repositories.RepositoryFactory,smpl.ordering.repositories.mock.MockCatalogItemsRepository,2,1,2
smpl.ordering.repositories.RepositoryFactory,smpl.ordering.repositories.mock.MockDealersRepository,2,1,2
smpl.ordering.repositories.RepositoryFactory,smpl.ordering.repositories.mock.MockOrderRepository,2,1,2
smpl.ordering.repositories.RepositoryFactory,smpl.ordering.repositories.mock.MockQuoteRepository,2,1,2
smpl.ordering.repositories.RepositoryFactory,smpl.ordering.repositories.mock.MockShipmentRepository,2,1,2
smpl.ordering.repositories.RepositoryFactory,smpl.ordering.repositories.mongodb.MongoCatalogItemsRepository,2,1,2
smpl.ordering.repositories.RepositoryFactory,smpl.ordering.repositories.mongodb.MongoDealersRepository,2,1,2
smpl.ordering.repositories.RepositoryFactory,smpl.ordering.repositories.mongodb.MongoOrderRepository,2,1,2
smpl.ordering.repositories.RepositoryFactory,smpl.ordering.repositories.mongodb.MongoQuoteRepository,2,1,2
smpl.ordering.repositories.RepositoryFactory,smpl.ordering.repositories.mongodb.MongoShipmentRepository,2,1,2
smpl.ordering.repositories.RepositoryFactory,smpl.ordering.repositories.OrderRepository,1,1,1
smpl.ordering.repositories.RepositoryFactory,smpl.ordering.repositories.QuoteRepository,1,1,1
smpl.ordering.repositories.RepositoryFactory,smpl.ordering.repositories.RepositoryFactory.Repositories,31,8,6
smpl.ordering.repositories.RepositoryFactory,smpl.ordering.repositories.ShipmentRepository,1,1,1
smpl.ordering.repositories.RepositoryFactory.Repositories,smpl.ordering.repositories.CatalogItemsRepository,1,1,1
smpl.ordering.repositories.RepositoryFactory.Repositories,smpl.ordering.repositories.DealersRepository,1,1,1
smpl.ordering.repositories.RepositoryFactory.Repositories,smpl.ordering.repositories.OrderRepository,1,1,1
smpl.ordering.repositories.RepositoryFactory.Repositories,smpl.ordering.repositories.QuoteRepository,1,1,1
smpl.ordering.repositories.RepositoryFactory.Repositories,smpl.ordering.repositories.ShipmentRepository,1,1,1
smpl.ordering.repositories.ShipmentRepository,smpl.ordering.BadRequestException,1,1,1
smpl.ordering.repositories.ShipmentRepository,smpl.ordering.models.OrderStatus,1,1,1
smpl.ordering.repositories.ShipmentRepository,smpl.ordering.models.ShipmentEventInfo,1,1,1
smpl.ordering.repositories.ShipmentRepository,smpl.ordering.models.ShipmentRecord,5,5,1
smpl.ordering.Utility,smpl.ordering.OrderingConfiguration,1,1,1
