TS0,84,114,26,170,92,1,2,14,99,27,202,58,38,69,69,6,159,1,3,4,10,16,3,1,5,8,2,3,2,2,2,0,0,0,0,0,0,0,0,0,0,0,0,0,0,0,0,0,0,0,0,0,0,0,0,0,0,0,0,0,0,0,0,0,0,0,0,0,0,0,0,0,0,0,0,0,0,0,0,0,0,0,0,0,0,0,0,0,0,0,0,0,0,0,0,0,0,0,0,0,0,0,0,0,0,0,0,0,0,0,0,0,0,0,0,0,0,0,0,0,0,0,0,0,0,0,0,0,0,0,0,0,0,0,0
TS1,149,121,27,272,144,1,4,17,139,27,363,104,75,125,70,35,312,1,3,4,10,0,1,1,0,0,2,3,4,3,2,24,55,94,2,3,7,4,5,60,24,6,6,30,18,6,5,2,0,0,0,0,0,0,0,0,0,0,0,0,0,0,0,0,0,0,0,0,0,0,0,0,0,0,0,0,0,0,0,0,0,0,0,0,0,0,0,0,0,0,0,0,0,0,0,0,0,0,0,0,0,0,0,0,0,0,0,0,0,0,0,0,0,0,0,0,0,0,0,0,0,0,0,0,0,0,0,0,0,0,0,0,0,0,0
TS2,48,173,37,142,77,0,0,7,23,36,159,30,41,124,55,5,17,1,3,4,11,0,4,2,0,0,2,3,5,2,2,52,112,98,2,7,0,0,0,0,0,0,0,0,0,0,0,0,2,2,8,1,15,6,3,1,0,0,0,0,0,0,0,0,0,0,0,0,0,0,0,0,0,0,0,0,0,0,0,0,0,0,0,0,0,0,0,0,0,0,0,0,0,0,0,0,0,0,0,0,0,0,0,0,0,0,0,0,0,0,0,0,0,0,0,0,0,0,0,0,0,0,0,0,0,0,0,0,0,0,0,0,0,0,0
TS3,0,284,93,63,72,0,0,5,1,0,0,38,2,0,0,0,1,1,0,0,13,0,5,2,0,0,2,12,124,3,4,0,3,3,0,0,0,0,28,0,0,0,0,0,0,0,30,0,2,2,2,1,0,0,0,0,27,321,33,12,2,1,1,41,1,1,1,28,29,4,8,0,0,0,0,0,0,0,0,0,0,0,0,0,0,0,0,0,0,0,0,0,0,0,0,0,0,0,0,0,0,0,0,0,0,0,0,0,0,0,0,0,0,0,0,0,0,0,0,0,0,0,0,0,0,0,0,0,0,0,0,0,0,0,0
TS4,0,160,59,20,46,0,0,3,2,0,21,18,9,5,0,0,14,1,0,0,12,0,0,0,0,0,0,0,0,0,4,0,0,0,0,0,0,0,0,0,0,0,0,0,0,0,0,0,0,0,0,1,0,0,0,0,30,61,15,6,1,0,0,0,0,0,0,0,0,0,0,0,0,0,0,0,0,0,0,0,0,0,0,0,0,0,0,0,0,0,0,0,0,0,0,0,0,0,0,0,0,0,0,0,0,0,0,0,0,0,0,0,0,0,0,0,0,0,0,0,0,0,0,0,0,0,0,0,0,0,0,0,0,0,0
TS5,79,126,28,173,91,0,0,14,95,27,180,52,32,59,47,4,129,1,3,4,10,0,2,1,0,0,2,3,7,1,2,0,110,86,2,6,0,0,0,0,0,0,0,0,0,0,0,0,2,2,0,0,0,0,0,0,0,0,0,0,0,0,0,0,0,0,0,0,9,0,0,18,13,44,0,0,0,0,0,0,0,0,0,0,0,0,0,0,0,0,0,0,0,0,0,0,0,0,0,0,0,0,0,0,0,0,0,0,0,0,0,0,0,0,0,0,0,0,0,0,0,0,0,0,0,0,0,0,0,0,0,0,0,0,0
TS6,235,114,26,427,224,1,4,17,179,27,642,184,99,256,47,4,726,1,3,4,10,0,2,0,0,0,2,3,2,2,2,0,110,91,2,6,0,0,0,0,0,0,0,0,0,0,0,0,0,0,0,0,0,0,0,0,0,0,0,0,0,0,0,0,0,0,0,0,0,0,0,22,0,0,2,86,0,0,0,0,0,0,0,0,0,0,0,0,0,0,0,0,0,0,0,0,0,0,0,0,0,0,0,0,0,0,0,0,0,0,0,0,0,0,0,0,0,0,0,0,0,0,0,0,0,0,0,0,0,0,0,0,0,0,0
TS7,48,122,28,99,67,1,4,4,17,27,82,24,17,8,40,3,4,1,3,4,11,0,1,1,3,0,2,3,2,0,2,0,0,0,0,0,0,0,0,0,0,0,0,0,0,0,0,0,0,0,0,0,0,0,0,0,0,0,0,0,0,0,0,0,0,0,0,0,0,0,8,0,0,0,0,0,18,0,0,0,0,0,0,0,0,0,0,0,0,0,0,0,0,0,0,0,0,0,0,0,0,0,0,0,0,0,0,0,0,0,0,0,0,0,0,0,0,0,0,0,0,0,0,0,0,0,0,0,0,0,0,0,0,0,0
TS8,279,230,46,399,191,1,6,34,261,27,509,146,118,176,109,76,419,1,3,4,10,0,7,5,28,0,2,3,11,2,2,0,0,99,9,0,7,0,67,49,26,12,12,60,36,9,62,2,0,0,0,0,0,0,0,0,0,0,0,0,0,0,0,0,2,0,0,55,140,0,0,0,0,0,10,160,0,83,18,14,543,16,60,20,10,247,7,9,29,19,17,2,0,0,0,0,0,0,0,0,0,0,0,0,0,0,0,0,0,0,0,0,0,0,0,0,0,0,0,0,0,0,0,0,0,0,0,0,0,0,0,0,0,0,0
TS9,235,173,36,294,163,1,4,35,253,27,422,122,81,139,88,49,330,1,3,4,10,0,2,1,5,0,2,3,1,1,2,0,0,12,0,0,0,0,0,36,18,8,8,40,24,20,0,0,0,0,0,0,0,0,0,0,0,0,0,0,0,0,0,0,0,0,0,103,0,0,4,0,0,0,0,0,29,0,5,47,0,0,0,0,0,0,0,9,0,0,0,0,2,0,0,0,0,0,0,0,0,0,0,0,0,0,0,0,0,0,0,0,0,0,0,0,0,0,0,0,0,0,0,0,0,0,0,0,0,0,0,0,0,0,0
TS10,216,114,26,477,257,1,4,15,182,27,747,214,113,301,47,4,861,1,3,4,10,0,1,0,0,0,2,3,1,1,2,16,55,99,1,3,0,0,0,0,0,0,0,0,0,0,0,0,0,0,0,0,0,0,0,0,0,0,0,0,0,0,0,0,0,0,0,0,0,0,0,0,0,0,0,0,0,0,0,0,0,0,0,0,0,0,0,0,0,0,0,0,0,0,0,0,0,0,0,0,0,0,0,0,0,0,0,0,0,0,0,0,0,0,0,0,0,0,0,0,0,0,0,0,0,0,0,0,0,0,0,0,0,0,0
TS11,79,196,48,146,88,0,0,14,93,27,167,48,31,56,47,4,129,1,3,4,10,0,1,0,2,0,2,3,2,1,2,24,13,12,0,0,0,0,0,0,0,0,0,0,0,0,0,0,2,2,0,1,0,0,0,0,0,0,0,0,0,0,0,0,0,0,0,0,0,0,0,0,0,0,0,0,0,0,0,0,0,0,0,0,0,0,0,0,0,0,0,0,0,38,8,1,1,0,0,0,0,0,0,0,0,0,0,0,0,0,0,0,0,0,0,0,0,0,0,0,0,0,0,0,0,0,0,0,0,0,0,0,0,0,0
TS12,170,154,33,238,125,1,2,27,194,27,319,92,81,44,79,83,123,1,3,4,10,0,1,0,0,0,2,3,2,1,2,0,0,42,0,0,0,0,121,117,48,15,15,75,45,9,0,0,0,0,0,0,0,0,0,0,0,0,0,0,0,0,0,0,0,0,0,166,0,0,0,0,0,0,0,0,0,0,9,55,0,0,0,0,0,0,0,0,0,0,0,0,0,0,0,0,0,24,0,0,0,0,0,0,0,0,0,0,0,0,0,0,0,0,0,0,0,0,0,0,0,0,0,0,0,0,0,0,0,0,0,0,0,0,0
TS13,53,90,22,67,65,0,0,3,13,27,69,20,18,9,40,3,6,1,3,4,10,0,0,0,3,0,0,0,0,0,2,0,0,0,0,0,0,0,0,0,0,0,0,0,0,0,0,0,2,2,0,0,0,0,0,0,0,0,0,0,0,0,0,0,0,0,0,0,26,0,0,0,0,0,2,32,0,0,0,0,71,0,3,2,1,8,0,0,0,0,0,0,0,0,0,0,0,0,21,0,0,0,0,0,0,0,0,0,0,0,0,0,0,0,0,0,0,0,0,0,0,0,0,0,0,0,0,0,0,0,0,0,0,0,0
TS14,89,114,26,169,113,0,0,13,98,27,237,68,46,81,53,18,195,1,3,4,10,0,0,0,5,0,0,0,0,0,2,0,0,0,0,0,0,0,0,15,10,2,2,10,6,3,0,0,0,0,0,0,0,0,0,0,0,0,0,0,0,0,0,0,0,0,0,0,0,5,0,0,0,0,0,0,0,0,0,10,0,0,0,0,0,0,0,0,0,0,0,0,0,0,0,0,0,0,0,40,2,8,15,2,20,1,3,0,0,0,0,0,0,0,0,0,0,0,0,0,0,0,0,0,0,0,0,0,0,0,0,0,0,0,0
TS15,93,90,22,175,107,1,2,13,100,27,258,74,48,92,51,14,231,1,3,4,10,0,0,0,0,0,0,0,0,0,2,0,0,0,0,0,0,0,0,14,10,2,2,10,6,3,0,0,0,0,0,0,0,0,0,0,0,0,0,0,0,0,0,0,0,0,0,0,0,0,0,0,0,0,0,0,0,0,0,0,0,0,0,0,0,0,0,0,0,0,0,0,0,0,0,0,0,0,0,5,0,0,0,0,0,0,0,0,0,0,0,0,0,0,0,0,0,0,0,0,0,0,0,0,0,0,0,0,0,0,0,0,0,0,0
TS16,119,116,26,193,102,1,4,23,154,27,215,62,41,75,47,4,177,1,3,4,10,0,3,2,12,0,2,3,4,1,2,0,110,99,2,6,0,0,0,0,0,0,0,0,0,0,0,0,0,0,0,0,0,0,0,0,0,0,0,0,0,0,0,0,0,0,0,0,27,0,0,28,33,38,4,64,0,0,0,0,119,0,3,4,2,16,0,0,0,0,0,0,0,0,0,0,0,0,0,0,0,0,0,0,0,0,0,0,0,0,0,0,0,0,0,0,0,0,0,0,0,0,0,0,0,0,0,0,0,0,0,0,0,0,0
TS17,48,116,26,120,66,1,4,6,16,27,89,26,19,11,58,13,6,1,3,4,6,0,3,2,1,0,2,3,6,1,0,0,0,0,2,0,0,0,0,0,0,2,2,7,5,0,34,0,0,0,0,0,0,0,0,0,0,0,0,0,0,0,0,0,0,0,0,0,23,0,0,0,0,0,0,0,0,36,0,0,0,6,0,0,0,0,0,0,42,15,17,3,0,0,0,0,0,0,0,0,0,0,0,0,0,0,0,0,0,0,0,0,0,0,0,0,0,0,0,0,0,0,0,0,0,0,0,0,0,0,0,0,0,0,0
TS18,210,132,29,244,139,1,2,34,243,27,368,106,96,95,89,108,177,1,3,4,10,0,0,0,0,0,0,0,0,0,2,0,0,16,0,0,0,0,0,156,64,20,20,100,60,12,0,0,0,0,0,0,0,0,0,0,0,0,0,0,0,0,0,0,0,0,0,119,0,0,0,0,0,0,0,0,0,0,3,64,0,0,0,0,0,0,0,0,0,0,0,0,0,0,0,0,0,0,0,0,0,0,0,0,0,0,0,28,0,0,0,0,0,0,0,0,0,0,0,0,0,0,0,0,0,0,0,0,0,0,0,0,0,0,0
TS19,78,115,26,132,67,0,0,5,32,27,117,34,27,25,40,3,51,1,3,4,12,0,2,1,12,0,2,3,3,1,4,0,110,99,2,6,0,0,0,0,0,0,0,0,0,0,0,0,0,0,0,0,0,0,0,0,0,0,0,0,0,0,0,0,0,0,0,0,27,0,0,25,26,32,4,64,0,0,0,0,119,0,3,4,2,16,0,0,0,0,0,0,0,0,0,0,0,0,0,0,0,0,0,0,0,0,0,0,0,0,0,0,0,0,0,0,0,0,0,0,0,0,0,0,0,0,0,0,0,0,0,0,0,0,0
TS20,244,121,27,446,226,1,4,18,184,27,649,186,100,257,47,4,726,1,3,4,10,0,3,1,0,0,2,3,4,2,2,0,165,134,3,9,0,0,0,0,0,0,0,0,0,0,0,0,0,0,0,0,0,0,0,0,0,0,0,0,0,0,0,0,0,0,0,0,12,0,0,28,17,32,2,86,0,0,0,0,0,0,0,0,0,0,0,0,0,0,0,0,0,0,0,0,0,0,0,0,0,0,0,0,0,0,0,0,0,0,0,0,0,0,0,0,0,0,0,0,0,0,0,0,0,0,0,0,0,0,0,0,0,0,0
TS21,48,305,60,298,241,0,0,4,38,27,208,62,65,29,94,63,6,1,3,4,11,0,9,4,7,0,2,3,22,5,2,0,114,97,2,7,0,0,55,97,54,12,12,60,36,32,29,0,6,1075,0,1,0,0,0,0,0,0,0,0,0,0,0,57,0,0,0,99,49,5,16,0,0,0,0,0,0,112,24,16,26,0,0,0,0,0,77,5,49,17,19,7,0,0,0,0,0,0,0,0,0,0,0,2,4,4,0,0,49,25,4,12515,3008,270,8,2,3,18,12242,27,7,22,14,0,0,0,0,0,0,0,0,0,0,0,0
TS22,142,128,29,294,154,1,2,20,166,27,419,120,67,165,47,4,456,1,3,4,10,0,2,0,5,0,2,3,2,2,2,16,51,56,6,0,0,0,0,0,0,0,0,0,0,0,0,0,0,0,0,0,0,0,0,0,0,0,0,0,0,0,0,0,0,0,0,0,0,0,0,0,0,0,0,0,0,0,0,0,0,0,0,0,0,0,0,0,0,0,0,0,0,0,0,0,0,0,0,0,0,0,0,0,0,0,0,0,0,0,0,0,0,0,0,0,0,0,0,0,0,0,0,0,0,0,0,0,0,0,0,0,0,0,0
TS23,86,100,24,143,92,1,2,16,110,27,202,58,36,72,47,4,177,1,3,4,10,0,0,0,0,0,0,0,0,0,2,7,0,0,0,0,0,0,0,0,0,0,0,0,0,0,0,0,0,0,0,0,0,0,0,0,0,0,0,0,0,0,0,0,0,0,0,0,0,0,0,0,0,0,0,0,0,0,0,0,0,0,0,0,0,0,0,0,0,0,0,0,0,0,0,0,0,0,0,0,0,0,0,0,0,0,0,0,0,0,0,0,0,0,0,0,0,0,0,0,0,0,0,0,0,0,0,0,0,0,0,0,0,0,0
TS24,217,114,26,481,259,1,4,15,183,27,754,216,114,304,47,4,870,1,3,4,10,0,1,0,0,0,2,3,1,1,2,18,55,99,1,3,0,0,0,0,0,0,0,0,0,0,0,0,0,0,0,0,0,0,0,0,0,0,0,0,0,0,0,0,0,0,0,0,0,0,0,0,0,0,0,0,0,0,0,0,0,0,0,0,0,0,0,0,0,0,0,0,0,0,0,0,0,0,0,0,0,0,0,0,0,0,0,0,0,0,0,0,0,0,0,0,0,0,0,0,0,0,0,0,0,0,0,0,0,0,0,0,0,0,0
TS25,82,112,26,171,107,1,2,12,93,27,245,72,41,33,47,4,165,1,3,4,10,0,0,0,0,0,0,0,0,0,2,18,0,0,0,0,0,0,0,0,0,0,0,0,0,0,0,0,0,0,0,0,0,0,0,0,0,0,0,0,0,0,0,0,0,0,0,0,0,0,0,0,0,0,0,0,0,0,0,0,0,0,0,0,0,0,0,0,0,0,0,0,0,0,0,0,0,0,0,0,0,0,0,0,0,0,0,0,0,0,0,0,0,0,0,0,0,0,0,0,0,0,0,0,0,0,0,0,0,0,0,0,0,0,0
TS26,58,107,25,108,67,0,0,3,19,27,111,32,22,27,40,3,60,1,3,4,10,0,1,0,0,0,2,3,1,1,2,0,9,7,0,0,0,0,0,0,0,0,0,0,0,0,0,0,2,2,0,0,0,0,0,0,0,0,0,0,0,0,0,0,0,0,0,0,0,0,0,7,0,0,0,0,0,0,0,0,0,0,0,0,0,0,0,0,0,0,0,0,0,0,0,0,0,0,0,0,0,0,0,0,0,0,0,0,0,0,0,0,0,0,0,0,0,0,0,0,0,0,0,0,0,0,0,0,0,0,0,0,0,0,0
TS27,48,184,38,120,72,0,0,4,18,27,105,26,23,24,42,4,4,1,3,4,11,0,1,0,0,0,2,3,6,1,2,40,31,10,0,0,0,0,0,0,0,0,0,0,0,0,0,0,2,2,0,1,0,0,0,0,0,0,0,0,0,0,0,19,0,0,0,0,0,0,0,0,0,0,0,0,0,0,0,0,0,0,0,0,0,0,0,0,0,0,0,0,0,0,0,0,0,0,0,0,0,0,0,0,0,0,0,0,0,0,0,0,0,0,0,0,0,0,0,0,0,0,0,0,0,0,0,0,0,0,0,0,0,0,0
TS28,76,110,25,157,81,1,2,14,93,27,167,48,36,27,57,6,93,1,3,4,10,0,3,1,0,0,2,3,2,2,2,15,110,88,2,7,0,0,0,5,0,0,0,0,0,0,0,0,0,0,0,0,0,6,3,1,0,0,0,0,0,0,0,0,0,0,0,0,0,0,0,0,0,0,0,0,0,0,0,0,0,0,0,0,0,0,0,0,0,0,0,0,0,0,0,0,0,0,0,0,0,0,0,0,0,0,0,0,0,0,0,0,0,0,0,0,0,0,0,0,0,0,0,0,0,0,0,0,0,0,0,0,0,0,0
TS29,51,113,26,100,77,0,0,3,17,27,97,28,21,15,51,4,15,1,3,4,10,0,1,1,0,0,2,3,1,0,2,0,0,0,0,0,0,10,0,0,0,0,0,0,0,0,0,0,2,2,0,0,0,0,0,0,0,0,0,0,0,0,0,0,0,0,0,0,0,0,0,0,0,0,0,0,0,0,0,0,0,0,3,0,0,0,0,0,0,0,0,0,0,0,0,0,0,0,0,0,0,0,0,0,0,0,0,0,0,0,0,0,0,0,0,0,0,0,0,0,0,0,0,29,13,0,0,0,0,0,0,0,0,0,0
TS30,115,116,27,180,101,1,2,22,151,27,236,68,40,83,47,4,204,1,3,4,10,0,1,1,0,0,2,3,1,0,2,0,0,13,0,0,0,0,0,0,0,0,0,0,0,0,0,0,0,0,0,0,0,0,0,0,0,0,0,0,0,0,0,0,0,0,0,0,10,0,0,15,26,38,0,0,0,0,0,0,0,0,0,0,0,0,0,0,0,0,0,0,0,0,0,0,0,0,0,0,0,0,0,0,0,0,0,0,0,0,0,0,0,0,0,0,0,0,0,0,0,0,0,0,0,0,0,0,0,0,0,0,0,0,0
TS31,80,226,52,191,165,0,0,14,98,27,198,56,37,62,56,5,129,1,3,4,10,0,2,1,2,0,2,3,4,1,2,0,55,53,1,3,0,0,0,0,0,0,0,0,0,0,0,0,6,589,0,0,0,0,0,0,0,0,0,0,0,0,0,29,0,0,0,0,19,0,0,38,18,41,0,0,0,0,0,0,26,0,0,0,0,0,0,0,0,0,0,0,0,38,0,1,2,0,0,0,0,0,0,0,0,0,0,0,27,14,4,6623,1547,143,0,0,0,0,0,0,0,0,0,0,0,10,0,0,0,0,0,0,0,0,0
TS32,48,154,33,123,78,1,8,4,18,27,83,24,19,11,51,4,6,1,3,4,11,0,3,2,3,0,2,3,5,1,2,0,0,0,3,0,0,0,0,0,0,0,0,0,0,0,34,0,0,0,0,0,0,0,0,0,0,0,0,0,0,0,0,0,0,0,0,0,29,0,0,0,0,0,0,0,0,0,0,0,0,27,0,0,0,0,0,0,0,0,0,0,0,0,0,0,0,0,0,0,0,0,0,0,0,0,0,0,0,0,0,0,0,0,0,0,0,0,0,0,0,0,0,0,0,0,39,12,0,0,0,0,0,0,0
TS33,123,188,41,307,139,1,2,17,143,57,376,104,81,71,79,28,228,1,3,4,10,0,6,4,0,0,2,3,9,2,2,0,55,57,1,4,0,0,48,64,18,36,87,66,73,12,0,0,0,0,0,0,0,15,6,119,0,0,0,0,0,0,0,0,0,0,0,27,0,0,25,0,0,0,0,0,31,0,0,0,0,0,0,0,0,0,0,10,0,0,0,0,0,0,0,0,0,0,0,0,0,0,0,0,0,0,0,0,0,0,0,0,0,0,0,0,0,0,0,0,18,0,0,0,0,0,0,0,10,16,9,0,0,0,0
TS34,0,45,10,104,159,0,0,3,23,0,154,78,24,66,0,0,199,1,0,0,12,0,0,0,0,0,0,0,0,0,4,0,0,0,0,0,0,0,0,0,0,0,0,0,0,0,0,0,2,2,0,0,0,0,0,0,48,104,0,0,0,0,0,0,0,0,0,0,0,0,0,0,0,0,0,0,0,0,0,0,0,0,0,0,0,0,0,0,0,0,0,0,0,0,0,0,0,0,0,0,0,0,0,0,0,0,0,0,0,0,0,0,0,0,0,0,0,0,0,0,0,0,0,0,0,0,0,0,0,0,0,0,0,0,0
TS35,48,215,43,194,191,0,0,4,27,27,145,42,37,19,84,34,6,1,3,4,11,0,7,4,3,0,2,3,11,3,2,0,55,44,3,4,0,0,0,24,8,6,6,30,18,1,58,0,6,899,0,1,0,0,0,0,0,0,0,0,0,0,0,19,0,0,0,15,60,5,0,0,0,0,0,0,0,40,11,4,22,6,0,0,0,0,83,0,49,17,19,7,0,0,0,0,0,0,0,0,0,0,0,2,4,5,0,0,41,21,4,10379,2492,226,8,2,0,24,12242,0,0,0,0,0,0,0,0,0,0,0,0,0,0,0,0
TS36,61,119,27,138,89,1,6,3,24,27,146,42,28,36,51,4,78,1,3,4,10,0,2,1,0,0,2,3,3,1,2,0,0,10,0,0,0,15,48,0,0,0,0,0,0,0,0,0,0,0,0,0,0,0,0,0,0,0,0,0,0,0,0,0,0,0,0,29,0,0,0,0,0,0,0,0,0,0,0,0,0,0,0,0,0,0,0,0,0,0,0,0,0,0,0,0,0,0,0,0,0,0,0,0,0,0,0,0,0,0,0,0,0,0,0,0,0,0,0,0,0,0,0,27,15,0,0,0,0,0,0,0,0,0,0
TS37,48,104,25,73,66,1,4,4,16,27,79,24,16,7,40,3,4,1,3,4,11,0,0,0,0,0,0,0,0,0,2,0,0,0,0,0,0,0,0,0,0,0,0,0,0,0,0,0,0,0,0,0,0,0,0,0,0,0,0,0,0,0,0,0,0,0,0,0,0,0,0,0,0,0,0,0,12,0,0,0,0,0,0,0,0,0,0,0,0,0,0,0,0,0,0,0,0,0,0,0,0,0,0,0,0,0,0,0,0,0,0,0,0,0,0,0,0,0,0,0,0,0,0,0,0,0,0,0,0,0,0,0,0,0,0
TS38,97,115,26,182,104,1,4,16,113,27,223,64,40,76,58,5,177,1,3,4,10,0,2,1,0,0,2,3,2,1,2,0,55,47,1,3,0,15,0,0,0,0,0,0,0,0,0,0,0,0,0,0,0,0,0,0,0,0,0,0,0,0,0,0,0,0,0,0,0,0,0,0,0,0,0,0,0,0,0,0,0,0,0,0,0,0,0,0,0,0,0,0,0,0,0,0,0,0,0,0,0,0,0,0,0,0,0,0,0,0,0,0,0,0,0,0,0,0,0,0,0,0,0,20,16,0,0,0,0,0,0,0,0,0,0
TS39,48,158,35,107,63,1,2,6,21,33,131,28,28,68,42,3,6,1,3,4,11,0,1,1,0,0,2,3,2,0,2,15,0,0,0,0,0,0,0,0,0,0,0,0,0,0,0,0,0,0,0,0,15,0,0,0,0,0,0,0,0,0,0,0,0,0,0,0,0,0,0,0,0,0,0,0,0,0,0,0,0,0,0,0,0,0,0,0,0,0,0,0,0,0,0,0,0,0,0,0,0,0,0,0,0,0,0,0,0,0,0,0,0,0,0,0,0,0,0,0,0,0,0,0,0,0,0,0,0,0,0,0,0,0,0
TS40,260,127,28,548,279,0,0,18,214,27,844,242,145,316,124,56,870,1,3,4,10,0,3,1,9,0,2,3,3,2,2,0,110,98,2,7,0,0,0,39,16,10,10,50,30,4,0,0,0,0,0,0,0,0,0,0,0,0,0,0,0,0,0,0,0,0,0,0,0,0,0,0,0,0,4,118,0,37,0,4,48,0,0,2,1,8,13,0,4,0,0,0,0,0,0,0,0,0,0,0,0,0,0,0,0,0,0,0,0,0,0,0,0,0,0,2,0,0,0,0,0,0,0,0,0,0,0,0,0,0,0,0,0,0,0
TS41,119,153,33,258,135,1,4,20,151,27,327,94,86,50,96,65,165,1,3,4,10,0,5,2,11,0,2,3,4,3,2,0,55,54,4,3,0,0,0,85,42,12,12,60,36,12,39,0,0,0,0,0,0,0,0,0,0,0,0,0,0,0,0,0,2,0,0,16,56,0,0,0,0,0,4,64,0,41,11,0,215,6,21,8,4,93,4,9,0,0,0,0,0,0,0,0,0,0,0,0,0,0,0,0,0,0,0,0,0,0,0,0,0,0,0,0,0,0,0,0,0,0,0,0,0,0,0,0,0,0,0,0,0,0,0
TS42,64,147,32,142,81,1,6,3,22,27,125,36,45,25,46,18,42,1,3,4,12,0,4,2,15,0,2,3,4,2,4,0,0,44,6,0,0,0,50,24,8,3,3,15,9,1,62,0,0,0,0,0,0,0,0,0,0,0,0,0,0,0,0,0,2,0,0,15,96,0,0,0,0,0,8,128,0,22,11,4,495,12,60,18,9,239,0,0,0,0,0,0,0,0,0,0,0,0,0,0,0,0,0,0,0,0,0,0,0,0,0,0,0,0,0,0,0,0,0,0,0,0,0,0,0,0,0,0,0,0,0,0,0,0,0
TS43,0,148,45,294,193,230,345,4,77,0,501,164,207,213,2,0,636,3,0,2,12,0,0,0,0,0,0,0,0,0,136,0,0,0,0,0,2,0,0,2,0,0,0,0,0,0,0,0,0,0,0,0,0,0,2,0,100,70,150,0,0,0,0,0,0,0,0,0,0,0,0,0,0,0,2,0,0,0,2,0,0,0,0,4,1293,154,0,0,0,0,0,0,0,0,0,0,0,0,0,0,0,0,0,0,0,0,0,0,0,0,0,0,0,0,0,0,0,0,0,0,0,0,0,0,0,0,0,0,0,0,0,17,2,0,0
TS44,51,114,26,105,76,0,0,3,17,27,97,28,21,15,51,4,15,1,3,4,10,0,1,1,0,0,2,3,2,0,2,0,0,0,0,0,0,23,0,0,0,0,0,0,0,0,0,0,2,2,0,0,0,0,0,0,0,0,0,0,0,0,0,0,0,0,0,0,0,0,0,0,0,0,0,0,0,0,0,0,0,0,0,0,0,0,0,0,0,0,0,0,0,0,0,0,0,0,0,0,0,0,0,0,0,0,0,0,0,0,0,0,0,0,0,0,0,0,0,0,0,0,0,25,17,0,0,0,0,0,0,0,0,0,0
TS45,81,90,22,139,89,1,2,12,85,27,195,56,35,69,47,4,168,1,3,4,10,0,0,0,0,0,0,0,0,0,2,4,0,0,0,0,0,0,0,0,0,0,0,0,0,0,0,0,0,0,0,0,0,0,0,0,0,0,0,0,0,0,0,0,0,0,0,0,0,0,0,0,0,0,0,0,0,0,0,0,0,0,0,0,0,0,0,0,0,0,0,0,0,0,0,0,0,0,0,0,0,0,0,0,0,0,0,0,0,0,0,0,0,0,0,0,0,0,0,0,0,0,0,0,0,0,0,0,0,0,0,0,0,0,0
TS46,48,104,25,69,52,0,0,4,15,27,73,22,16,7,40,3,4,1,3,4,11,0,0,0,0,0,0,0,0,0,2,6,0,0,0,0,0,0,0,0,0,0,0,0,0,0,0,0,0,0,0,0,0,0,0,0,0,0,0,0,0,0,0,0,0,0,0,0,0,0,0,0,0,0,0,0,0,0,0,0,0,0,0,0,0,0,0,0,0,0,0,0,0,0,0,0,0,0,0,0,0,0,0,0,0,0,0,0,0,0,0,0,0,0,0,0,0,0,0,0,0,0,0,0,0,0,0,0,0,0,0,0,0,0,0
TS47,78,90,22,139,89,1,2,12,85,27,195,56,35,27,47,4,130,1,3,4,10,0,0,0,0,0,0,0,0,0,2,3,0,0,0,0,0,0,0,0,0,0,0,0,0,0,0,0,0,0,0,0,0,0,0,0,0,0,0,0,0,0,0,0,0,0,0,0,0,0,0,0,0,0,0,0,0,0,0,0,0,0,0,0,0,0,0,0,0,0,0,0,0,0,0,0,0,0,0,0,0,0,0,0,0,0,0,0,0,0,0,0,0,0,0,0,0,0,0,0,0,0,0,0,0,0,0,0,0,0,0,0,0,0,0
TS48,100,143,31,250,147,1,2,12,108,27,347,100,61,120,53,18,303,1,3,4,13,0,1,0,5,0,2,3,1,1,4,0,0,0,0,0,0,0,9,15,10,2,2,10,6,3,0,0,0,0,0,0,0,0,0,0,0,0,0,0,0,0,0,0,0,0,0,0,0,0,0,0,0,0,0,0,10,0,0,19,0,0,0,0,0,0,0,0,0,0,0,0,0,0,0,0,0,0,0,43,2,0,11,0,0,0,3,0,0,0,0,0,0,0,0,0,0,0,0,0,0,0,0,0,0,0,0,0,0,0,0,0,0,10,0
TS49,79,115,27,156,101,1,6,14,97,27,187,54,33,60,47,4,138,1,3,4,10,0,1,0,3,0,2,3,1,1,2,0,0,0,0,0,0,0,4,0,0,0,0,0,0,0,0,0,0,0,0,0,0,0,0,0,0,0,0,0,0,0,0,0,0,0,0,0,0,0,0,0,0,0,0,0,0,15,0,0,0,0,0,0,0,0,0,0,0,0,0,0,0,0,0,0,0,0,0,0,0,0,0,0,0,0,0,0,0,0,0,0,0,0,0,0,0,0,0,0,0,0,0,0,0,0,0,0,0,0,0,0,0,0,0
TS50,48,153,33,120,247,0,0,4,21,27,103,30,21,13,47,4,5,1,3,4,11,0,1,0,0,0,2,3,2,1,2,14,92,101,1,3,0,0,0,0,0,0,0,0,0,0,0,0,6,1383,0,1,0,0,0,0,0,0,0,0,0,0,0,0,0,0,0,0,0,0,0,0,0,0,0,0,0,0,0,0,0,0,11,0,0,0,0,0,0,0,0,0,0,0,0,0,0,0,0,0,0,0,0,0,0,0,0,0,63,32,4,15735,3785,342,6,0,0,0,12244,0,0,0,0,0,0,0,0,0,0,0,0,0,0,0,87
TS51,138,124,29,180,101,1,2,26,175,27,236,68,40,82,47,4,204,1,3,4,10,0,1,1,0,0,2,3,1,0,2,0,0,23,0,0,0,0,0,0,0,0,0,0,0,0,0,0,0,0,0,0,0,0,0,0,0,0,0,0,0,0,0,0,0,0,0,0,20,0,0,15,52,70,0,0,0,0,0,0,0,0,0,0,0,0,0,0,0,0,0,0,0,0,0,0,0,0,0,0,0,0,0,0,0,0,0,0,0,0,0,0,0,0,0,0,0,0,0,0,0,0,0,0,0,0,0,0,0,0,0,0,0,0,0
TS52,83,150,32,217,117,1,4,13,102,27,263,76,58,74,61,38,168,1,3,4,10,0,1,0,5,0,2,3,4,3,2,0,55,52,1,3,0,0,14,60,24,6,6,30,18,6,0,0,0,0,0,0,0,0,0,0,0,0,0,0,0,0,0,0,0,0,2,0,0,0,0,0,0,0,0,0,0,0,0,19,0,0,0,0,0,0,0,0,0,0,0,0,0,0,0,0,0,0,0,0,0,0,0,0,0,0,0,22,0,0,0,0,0,0,0,0,0,0,0,0,0,0,0,0,0,0,0,0,0,0,0,0,0,0,0
TS53,257,133,29,494,246,0,0,19,204,27,733,210,131,273,117,47,744,1,3,4,10,0,5,2,9,0,2,3,5,3,2,0,110,94,4,7,0,0,0,39,16,8,8,40,24,4,34,0,0,0,0,0,0,0,0,0,0,0,0,0,0,0,0,0,0,0,0,24,38,0,0,0,0,0,4,118,0,46,11,4,48,6,0,2,1,8,13,0,4,0,0,0,0,0,0,0,0,0,0,0,0,0,0,0,0,0,0,0,0,0,0,0,0,0,0,2,0,0,0,0,0,0,0,0,0,0,0,0,0,0,0,0,0,0,0
TS54,129,124,28,290,159,1,4,18,153,27,412,118,66,162,47,4,447,1,3,4,10,0,2,0,5,0,2,3,2,2,2,16,25,22,2,0,0,0,0,0,0,0,0,0,0,0,0,0,0,0,0,0,0,0,0,0,0,0,0,0,0,0,0,0,0,2,0,0,0,0,0,0,0,0,0,0,0,0,0,0,0,0,0,0,0,0,0,0,0,0,0,0,0,0,0,0,0,0,0,0,0,0,0,0,0,0,0,0,0,0,0,0,0,0,0,0,0,0,0,0,0,0,0,0,0,0,0,0,0,0,0,0,0,0,0
TS55,48,128,29,99,68,1,4,4,17,27,90,26,20,12,51,4,6,1,3,4,11,0,1,1,0,0,2,3,2,0,2,0,0,0,0,0,0,19,0,0,0,0,0,0,0,0,0,0,0,0,0,0,0,0,0,0,0,0,0,0,0,0,0,0,0,0,0,0,0,0,0,0,0,0,0,0,0,0,0,0,0,0,0,0,0,0,0,0,0,0,0,0,0,0,0,0,0,0,0,0,0,0,0,0,0,0,0,0,0,0,0,0,0,0,0,0,0,0,0,0,0,0,0,22,11,0,0,0,0,0,0,0,0,0,0
TS56,256,141,30,492,249,1,6,19,201,27,712,204,123,270,84,44,744,1,3,4,10,0,6,2,0,0,2,3,6,4,2,0,165,133,5,10,0,0,0,39,16,8,8,40,24,4,34,0,0,0,0,0,0,0,0,0,0,0,0,0,0,0,0,0,0,0,0,28,34,0,0,0,0,0,2,86,0,45,12,4,0,6,0,0,0,0,13,0,4,0,0,0,0,0,0,0,0,0,0,0,0,0,0,0,0,0,0,0,0,0,0,0,0,0,0,2,0,0,0,0,0,0,0,0,0,0,0,0,0,0,0,0,0,0,0
